slug	title
abilityspa-multisport	СПА процедури с карта Multisport
bilkova-sauna-prirodna-terapiya-za-tyaloto-i-uma	Билкова сауна – природна терапия за тялото и ума
djakuzi-topla-vana-polzi	6 ползи за здравето от употребата на джакузи и топла вана
finlandska-sauna-polzi	Финландска сауна - силата на топлината
gold-therapy	Gold терапия – златният път към сияйна кожа
infrachervena-peika	Инфрачервена пейка – щадяща и изключително ефективна
interview-iliya-damyanov	Интервю с Илия Дамянов, управител на Ability SPA
kislorodna-terapia	Кислородна терапия за лице – дълбока хидратация и подмладяване на клетъчно ниво
kozmetika-lyato	Лятото и грижата за кожата: Защо козметичните процедури са особено важни през топлите месеци
letni-trenirovki-kakvo-tribva-da-znaem	Летни тренировки: всичко, което трябва да знаем
lyato-grija-za-kojata	Лятото и грижата за кожата
masaj-polzi	Масажът - история, ползи и препоръки
masaj-prez-lyatoto	Масаж през лятото – лукс или необходимост?
microblading	Микроблейдинг – перфектните вежди, за които винаги сте мечтали
osteopathy	Остеопатията: Естественият път към здравето
osteopatia-kak-pomaga	Що е то остеопатия и как помага?
petar-damyanov-osteopatia	Петър Дамянов за Остеопатията
pochistvane-na-lice	Почистване на лице – първата стъпка към здрава и сияйна кожа
retinolova-terapiq	Ретинолова терапия – Тайната на сияйната кожа
sauna-hamam-razliki	3 основни разлики между сауната и турската баня (хамам)
sauna-parna-banya-razliki-polzi	Сауна, инфрачервена сауна и парна баня – ползи, разлики и как да изберем
solna-parna-banya	Солна парна баня – дълбока грижа за дишането и кожата
spa-card-offer	Дневна СПА карта на цена от 35 лв. за незабравимо СПА преживяване
spa-procedurite-nai-dobriat-izbor-zimata	Защо спа процедурите са най-добрият избор през студените месеци
spa-voucher	Подаръчни ваучери и пакети от Ability SPA
vodno-dermabrazio-polzi	Водно дермабразио – тайната за свежа кожа през лятото
zashto-se-chuvstvame-umoreni-prez-lyatoto	Защо се чувстваме уморени през лятото?
zimno-spa-prezarejdane-v-ability-spa	Зимно СПА презареждане в Ability SPA ➜ един ден, посветен на вас
